Name,Age,City,Occupation,Salary,Education,MaritalStatus,Hobbies
John Doe,35,New York,Engineer,80000,Master's Degree,Married,Reading
Jane Smith,28,Los Angeles,Graphic Designer,50000,Bachelor's Degree,Single,Photography
Michael Johnson,42,Chicago,Manager,100000,Bachelor's Degree,Married,Playing Guitar
Emily Williams,31,San Francisco,Data Analyst,75000,Bachelor's Degree,Single,Hiking
David Brown,39,Houston,Doctor,150000,Medical Degree,Married,Running
Jessica Davis,26,Miami,Teacher,40000,Bachelor's Degree,Single,Swimming
Daniel Wilson,45,Dallas,Lawyer,120000,Law Degree,Married,Playing Tennis
Sarah Thompson,33,Seattle,Software Developer,90000,Bachelor's Degree,Single,Photography
Andrew Martinez,37,Denver,Consultant,95000,Bachelor's Degree,Married,Cycling
Michelle Taylor,29,Boston,Marketing Manager,60000,Bachelor's Degree,Single,Traveling
Benjamin Clark,33,San Diego,Architect,85000,Bachelor's Degree,Married,Photography
Olivia Anderson,31,Atlanta,HR Specialist,55000,Bachelor's Degree,Single,Painting
Christopher Adams,36,Phoenix,Accountant,70000,Bachelor's Degree,Married,Reading
Samantha Hill,27,Austin,Web Developer,65000,Bachelor's Degree,Single,Traveling
Matthew Turner,41,Detroit,Manager,110000,Bachelor's Degree,Married,Playing Guitar
Isabella Walker,29,Portland,Data Scientist,95000,Master's Degree,Single,Hiking
William Scott,34,San Jose,Engineer,90000,Bachelor's Degree,Married,Playing Piano
Natalie Green,25,Orlando,Designer,45000,Bachelor's Degree,Single,Swimming
Robert Carter,48,Philadelphia,Consultant,120000,Master's Degree,Married,Playing
Sophia Mitchell,32,Dallas,Marketing Manager,80000,Bachelor's Degree,Single,Photography
Ethan Hernandez,38,Miami,Doctor,160000,Medical Degree,Married,Running
Ava Hall,27,Denver,Teacher,50000,Bachelor's Degree,Single,Hiking
James Rivera,43,Seattle,Software Engineer,100000,Bachelor's Degree,Married,Playing Guitar
Mia Adams,30,Los Angeles,Journalist,60000,Bachelor's Degree,Single,Reading
Alexander Turner,46,Chicago,Director,130000,Bachelor's Degree,Married,Playing Piano
Charlotte Lee,28,San Francisco,Data Analyst,70000,Bachelor's Degree,Single,Traveling
Daniel Cooper,35,New York,Engineer,85000,Bachelor's Degree,Married,Running
Grace Morris,26,Boston,Graphic Designer,55000,Bachelor's Degree,Single,Swimming
Henry Evans,39,Houston,Manager,110000,Bachelor's Degree,Married,Playing Tennis